"estimate","std_err"
-0.00262804067288607,0.0784519864384428
