"estimate","std_err"
-0.00616306820643323,0.0779648244331709
