"estimate","std_err"
-0.103942252632544,0.0710399789327773
