"variable","estimate","std_error","t_value","p_value"
"intercept",-0.0757530441383278,0.0572001181243906,-1.32435118356908,0.185995125597243
"x1",0.95768530019308,0.0973262673520516,9.83994687404286,5.4141867301298e-21
"x2",-0.0271085283043781,0.0452101253696067,-0.599611880806735,0.549038179121129
