"term","estimate","std_error","t_value","p_value"
"mean.forest.prediction",0.793750448546162,1.9613567361541,0.404694584067648,0.342937893757375
"differential.forest.prediction",1.14859767967669,0.0738992245723533,15.5427568600821,5.32680283305403e-45
