"estimate","std_err"
0.076786733528736,0.223967559706974
