"estimate","std_err"
-0.0201628271579364,0.0589713232965326
