"variable","importance"
"x1",0.73784810573197
"x2",0.0593595871436786
"x3",0.0546224179881188
"x4",0.0783677314942341
"x5",0.069802157641999
