"estimate","std_err"
-0.0574576324471052,0.0795827428900495
