"estimate","std_err"
-0.0491184601410902,0.0801957775884741
