"estimate","std_err"
-0.0252026238173868,0.068625044522399
