"estimate","std_err"
-0.0250733788717494,0.0724341988105538
