"estimate","std_err"
0.846436429742061,0.0620293107780368
