"estimate","std_err"
-0.0678984869224237,0.0518940055717789
