"estimate","std_err"
-0.0432156619939057,0.0719300210777964
