"variable","importance"
"x1",0.719917342502344
"x2",0.198919733851458
"x3",0.0263475972941259
"x4",0.0305122007933449
"x5",0.0243031255587271
