"variable","importance"
"x1",0.630444838737177
"x2",0.264014373879839
"x3",0.0341640917326649
"x4",0.039902155444798
"x5",0.0314745402055214
