"variable","importance"
"x1",0.774087739682716
"x2",0.158005148358284
"x3",0.0218632188006457
"x4",0.0255898402629107
"x5",0.0204540528954444
